category,strict_precision,strict_recall,strict_f1,n
causes,0.7142857142857143,0.7142857142857143,0.7142857142857143,1
agencies,0.5,1,0.6666666666666666,1
plaintiffs,1,1,1,1
misconduct,0.75,1,0.8571428571428571,1
locations,1,0.6666666666666666,0.8,1
officers,0.5,1,0.6666666666666666,1
